Location Name,Slug,Parent Region,SEO Description,Common Pests
Ghaziabad Indirapuram,ghaziabad-indirapuram,Ghaziabad,"Professional pest control and termite treatment services in Ghaziabad Indirapuram for high-rise apartments, malls and offices, ensuring long-term protection from structural damage and everyday pests.","Termites, Cockroaches, Rodents, Ants, Bed Bugs, Mosquitoes, Flies, Spiders, Silverfish, Fleas, Wasps, Ticks, House Lizards, Bees, Mites"
Ghaziabad Vaishali,ghaziabad-vaishali,Ghaziabad,"Comprehensive pest management in Ghaziabad Vaishali with odourless termite control, cockroach gel treatments and rodent proofing for societies, shops and clinics.","Termites, Cockroaches, Rodents, Ants, Bed Bugs, Mosquitoes, Flies, Spiders, Silverfish, Fleas, Wasps, Ticks, House Lizards, Bees, Mites"
Ghaziabad Kaushambi,ghaziabad-kaushambi,Ghaziabad,"Expert pest control and termite solutions in Ghaziabad Kaushambi for residential towers, hotels and offices near the metro, keeping kitchens, basements and parking areas pest-free.","Termites, Cockroaches, Rodents, Ants, Bed Bugs, Mosquitoes, Flies, Spiders, Silverfish, Fleas, Wasps, Ticks, House Lizards, Bees, Mites"
Ghaziabad Vasundhara Sector 1,ghaziabad-vasundhara-sector-1,Ghaziabad,"Tailored pest and termite control in Ghaziabad Vasundhara Sector 1 for builder floors and gated communities, preventing termite attack on wooden furniture and doors.","Termites, Cockroaches, Rodents, Ants, Bed Bugs, Mosquitoes, Flies, Spiders, Silverfish, Fleas, Wasps, Ticks, House Lizards, Bees, Mites"
Ghaziabad Vasundhara Sector 3,ghaziabad-vasundhara-sector-3,Ghaziabad,"Reliable residential pest control in Ghaziabad Vasundhara Sector 3 covering termites, cockroaches, ants and bed bugs in family homes and PG accommodations.","Termites, Cockroaches, Rodents, Ants, Bed Bugs, Mosquitoes, Flies, Spiders, Silverfish, Fleas, Wasps, Ticks, House Lizards, Bees, Mites"
Ghaziabad Vasundhara Sector 5,ghaziabad-vasundhara-sector-5,Ghaziabad,"Advanced pest and termite management in Ghaziabad Vasundhara Sector 5 with soil treatment, drilling and barrier methods for new and existing constructions.","Termites, Cockroaches, Rodents, Ants, Bed Bugs, Mosquitoes, Flies, Spiders, Silverfish, Fleas, Wasps, Ticks, House Lizards, Bees, Mites"
Ghaziabad Raj Nagar,ghaziabad-raj-nagar,Ghaziabad,"Premium pest control and termite protection in Ghaziabad Raj Nagar for independent houses, bungalows and commercial spaces, keeping them hygienic and pest-free.","Termites, Cockroaches, Rodents, Ants, Bed Bugs, Mosquitoes, Flies, Spiders, Silverfish, Fleas, Wasps, Ticks, House Lizards, Bees, Mites"
Ghaziabad Raj Nagar Extension,ghaziabad-raj-nagar-extension,Ghaziabad,"Expert society-wide pest control in Ghaziabad Raj Nagar Extension for multi-tower complexes, covering termites, rodents, mosquitoes and common-area infestations.","Termites, Cockroaches, Rodents, Ants, Bed Bugs, Mosquitoes, Flies, Spiders, Silverfish, Fleas, Wasps, Ticks, House Lizards, Bees, Mites"
Ghaziabad Kavi Nagar,ghaziabad-kavi-nagar,Ghaziabad,"Comprehensive pest and termite control in Ghaziabad Kavi Nagar for residential blocks, schools and offices, protecting walls, wiring and stored goods from damage.","Termites, Cockroaches, Rodents, Ants, Bed Bugs, Mosquitoes, Flies, Spiders, Silverfish, Fleas, Wasps, Ticks, House Lizards, Bees, Mites"
Ghaziabad Shastri Nagar,ghaziabad-shastri-nagar,Ghaziabad,"Safe and effective pest control in Ghaziabad Shastri Nagar targeting termites, cockroaches, rodents and bed bugs in dense residential colonies and street-facing shops.","Termites, Cockroaches, Rodents, Ants, Bed Bugs, Mosquitoes, Flies, Spiders, Silverfish, Fleas, Wasps, Ticks, House Lizards, Bees, Mites"
Ghaziabad Nehru Nagar,ghaziabad-nehru-nagar,Ghaziabad,"End-to-end pest management in Ghaziabad Nehru Nagar for old and new housing blocks, controlling termites, ants, spiders and flying insects in and around homes.","Termites, Cockroaches, Rodents, Ants, Bed Bugs, Mosquitoes, Flies, Spiders, Silverfish, Fleas, Wasps, Ticks, House Lizards, Bees, Mites"
Ghaziabad Govindpuram,ghaziabad-govindpuram,Ghaziabad,"Residential pest and termite solutions in Ghaziabad Govindpuram for plots and apartments, preventing damage from subterranean termites and other crawling pests.","Termites, Cockroaches, Rodents, Ants, Bed Bugs, Mosquitoes, Flies, Spiders, Silverfish, Fleas, Wasps, Ticks, House Lizards, Bees, Mites"
Ghaziabad Pratap Vihar,ghaziabad-pratap-vihar,Ghaziabad,"Professional pest control in Ghaziabad Pratap Vihar for family homes, coaching centres and shops, reducing risk of cockroaches, rodents, mosquitoes and bed bugs.","Termites, Cockroaches, Rodents, Ants, Bed Bugs, Mosquitoes, Flies, Spiders, Silverfish, Fleas, Wasps, Ticks, House Lizards, Bees, Mites"
Ghaziabad Crossing Republik,ghaziabad-crossing-republik,Ghaziabad,"High-rise focused pest control and termite treatment in Ghaziabad Crossing Republik, covering basements, lift shafts, clubhouses and apartments with child-safe methods.","Termites, Cockroaches, Rodents, Ants, Bed Bugs, Mosquitoes, Flies, Spiders, Silverfish, Fleas, Wasps, Ticks, House Lizards, Bees, Mites"
Ghaziabad Sahibabad Industrial Area,ghaziabad-sahibabad-industrial-area,Ghaziabad,"Industrial and commercial pest control in Ghaziabad Sahibabad Industrial Area with specialised rodent, termite and fly management for factories, warehouses and offices.","Termites, Cockroaches, Rodents, Ants, Bed Bugs, Mosquitoes, Flies, Spiders, Silverfish, Fleas, Wasps, Ticks, House Lizards, Bees, Mites"
Ghaziabad Mohan Nagar,ghaziabad-mohan-nagar,Ghaziabad,"Comprehensive pest management in Ghaziabad Mohan Nagar for institutes, hostels and residential pockets, targeting bed bugs, cockroaches, termites and mosquitoes.","Termites, Cockroaches, Rodents, Ants, Bed Bugs, Mosquitoes, Flies, Spiders, Silverfish, Fleas, Wasps, Ticks, House Lizards, Bees, Mites"
Ghaziabad Sanjay Nagar,ghaziabad-sanjay-nagar,Ghaziabad,"Trusted pest and termite control in Ghaziabad Sanjay Nagar for apartments and kothis, with long-lasting treatments for termites, ants and rodent infestations.","Termites, Cockroaches, Rodents, Ants, Bed Bugs, Mosquitoes, Flies, Spiders, Silverfish, Fleas, Wasps, Ticks, House Lizards, Bees, Mites"
Ghaziabad Brij Vihar,ghaziabad-brij-vihar,Ghaziabad,"Reliable pest control in Ghaziabad Brij Vihar for builder floors and street-facing homes, protecting kitchens, storerooms and balconies from cockroaches, rodents and termites.","Termites, Cockroaches, Rodents, Ants, Bed Bugs, Mosquitoes, Flies, Spiders, Silverfish, Fleas, Wasps, Ticks, House Lizards, Bees, Mites"
Ghaziabad Vijay Nagar,ghaziabad-vijay-nagar,Ghaziabad,"Pest and termite control services in Ghaziabad Vijay Nagar for mixed residential and commercial areas, reducing risk from bed bugs, mosquitoes and other health-impacting pests.","Termites, Cockroaches, Rodents, Ants, Bed Bugs, Mosquitoes, Flies, Spiders, Silverfish, Fleas, Wasps, Ticks, House Lizards, Bees, Mites"
Ghaziabad RDC Raj Nagar,ghaziabad-rdc-raj-nagar,Ghaziabad,"Commercial hub pest control in Ghaziabad RDC Raj Nagar for offices, cafes, banks and showrooms, focusing on cockroach, rodent and fly control along with termite protection for interiors.","Termites, Cockroaches, Rodents, Ants, Bed Bugs, Mosquitoes, Flies, Spiders, Silverfish, Fleas, Wasps, Ticks, House Lizards, Bees, Mites"
Ghaziabad Lajpat Nagar,ghaziabad-lajpat-nagar,Ghaziabad,"Local market and residential pest control in Ghaziabad Lajpat Nagar for shops and family homes, preventing cockroach, rodent and termite infestations in food and storage areas.","Termites, Cockroaches, Rodents, Ants, Bed Bugs, Mosquitoes, Flies, Spiders, Silverfish, Fleas, Wasps, Ticks, House Lizards, Bees, Mites"
Ghaziabad GT Road Industrial Belt,ghaziabad-gt-road-industrial-belt,Ghaziabad,"Industrial belt pest control along Ghaziabad GT Road for godowns, transport hubs and factories with specialised rodent, termite and fly control programs to protect goods and infrastructure.","Termites, Cockroaches, Rodents, Ants, Bed Bugs, Mosquitoes, Flies, Spiders, Silverfish, Fleas, Wasps, Ticks, House Lizards, Bees, Mites"
Ghaziabad Loni,ghaziabad-loni,Ghaziabad,"Wide-area pest management in Ghaziabad Loni covering dense residential colonies, shops and small industries, controlling termites, cockroaches, rodents and mosquito-borne risks.","Termites, Cockroaches, Rodents, Ants, Bed Bugs, Mosquitoes, Flies, Spiders, Silverfish, Fleas, Wasps, Ticks, House Lizards, Bees, Mites"
